Agent,Time,Method,Resource,Version,Status
Mozilla/5.0 (Windows NT 10.0; Win64; x64) AppleWebKit/537.36 (KHTML like Gecko) Chrome/65.0.3325.181 Safari/537.36,Sat Mar 31 2018 20:34:32 GMT-0700 (Pacific Daylight Time),GET,/logs,HTTP/1.1,200
Mozilla/5.0 (Windows NT 10.0; Win64; x64) AppleWebKit/537.36 (KHTML like Gecko) Chrome/65.0.3325.181 Safari/537.36,Sat Mar 31 2018 20:38:50 GMT-0700 (Pacific Daylight Time),GET,/logs,HTTP/1.1,200
Mozilla/5.0 (Windows NT 10.0; Win64; x64) AppleWebKit/537.36 (KHTML like Gecko) Chrome/65.0.3325.181 Safari/537.36,Sat Mar 31 2018 20:40:06 GMT-0700 (Pacific Daylight Time),GET,/logs,HTTP/1.1,200
Mozilla/5.0 (Windows NT 10.0; Win64; x64) AppleWebKit/537.36 (KHTML like Gecko) Chrome/65.0.3325.181 Safari/537.36,Sat Mar 31 2018 20:40:28 GMT-0700 (Pacific Daylight Time),GET,/logs,HTTP/1.1,200
Mozilla/5.0 (Windows NT 10.0; Win64; x64) AppleWebKit/537.36 (KHTML like Gecko) Chrome/65.0.3325.181 Safari/537.36,Sat Mar 31 2018 21:39:20 GMT-0700 (Pacific Daylight Time),GET,/logs,HTTP/1.1,200
node-superagent/2.3.0,Sat Mar 31 2018 21:39:28 GMT-0700 (Pacific Daylight Time),GET,/,HTTP/1.1,200
node-superagent/2.3.0,Sat Mar 31 2018 21:39:28 GMT-0700 (Pacific Daylight Time),GET,/,HTTP/1.1,200
node-superagent/2.3.0,Sat Mar 31 2018 21:39:28 GMT-0700 (Pacific Daylight Time),GET,/,HTTP/1.1,200
node-superagent/2.3.0,Sat Mar 31 2018 21:39:28 GMT-0700 (Pacific Daylight Time),GET,/,HTTP/1.1,200
node-superagent/2.3.0,Sat Mar 31 2018 21:39:28 GMT-0700 (Pacific Daylight Time),GET,/,HTTP/1.1,200
node-superagent/2.3.0,Sat Mar 31 2018 21:39:28 GMT-0700 (Pacific Daylight Time),GET,/,HTTP/1.1,200
node-superagent/2.3.0,Sat Mar 31 2018 21:39:28 GMT-0700 (Pacific Daylight Time),GET,/,HTTP/1.1,200
node-superagent/2.3.0,Sat Mar 31 2018 21:39:28 GMT-0700 (Pacific Daylight Time),GET,/,HTTP/1.1,200
node-superagent/2.3.0,Sat Mar 31 2018 21:39:28 GMT-0700 (Pacific Daylight Time),GET,/logs,HTTP/1.1,200
node-superagent/2.3.0,Sat Mar 31 2018 21:39:28 GMT-0700 (Pacific Daylight Time),GET,/logs,HTTP/1.1,200
node-superagent/2.3.0,Sat Mar 31 2018 21:40:45 GMT-0700 (Pacific Daylight Time),GET,/,HTTP/1.1,200
node-superagent/2.3.0,Sat Mar 31 2018 21:40:45 GMT-0700 (Pacific Daylight Time),GET,/,HTTP/1.1,200
node-superagent/2.3.0,Sat Mar 31 2018 21:40:45 GMT-0700 (Pacific Daylight Time),GET,/,HTTP/1.1,200
node-superagent/2.3.0,Sat Mar 31 2018 21:40:45 GMT-0700 (Pacific Daylight Time),GET,/,HTTP/1.1,200
node-superagent/2.3.0,Sat Mar 31 2018 21:40:45 GMT-0700 (Pacific Daylight Time),GET,/,HTTP/1.1,200
node-superagent/2.3.0,Sat Mar 31 2018 21:40:45 GMT-0700 (Pacific Daylight Time),GET,/,HTTP/1.1,200
node-superagent/2.3.0,Sat Mar 31 2018 21:40:45 GMT-0700 (Pacific Daylight Time),GET,/,HTTP/1.1,200
node-superagent/2.3.0,Sat Mar 31 2018 21:40:45 GMT-0700 (Pacific Daylight Time),GET,/,HTTP/1.1,200
node-superagent/2.3.0,Sat Mar 31 2018 21:40:45 GMT-0700 (Pacific Daylight Time),GET,/logs,HTTP/1.1,200
node-superagent/2.3.0,Sat Mar 31 2018 21:40:45 GMT-0700 (Pacific Daylight Time),GET,/logs,HTTP/1.1,200
node-superagent/2.3.0,Sat Mar 31 2018 21:41:30 GMT-0700 (Pacific Daylight Time),GET,/,HTTP/1.1,200
node-superagent/2.3.0,Sat Mar 31 2018 21:41:30 GMT-0700 (Pacific Daylight Time),GET,/,HTTP/1.1,200
node-superagent/2.3.0,Sat Mar 31 2018 21:41:30 GMT-0700 (Pacific Daylight Time),GET,/,HTTP/1.1,200
node-superagent/2.3.0,Sat Mar 31 2018 21:41:30 GMT-0700 (Pacific Daylight Time),GET,/,HTTP/1.1,200
node-superagent/2.3.0,Sat Mar 31 2018 21:41:30 GMT-0700 (Pacific Daylight Time),GET,/,HTTP/1.1,200
node-superagent/2.3.0,Sat Mar 31 2018 21:41:30 GMT-0700 (Pacific Daylight Time),GET,/,HTTP/1.1,200
node-superagent/2.3.0,Sat Mar 31 2018 21:41:30 GMT-0700 (Pacific Daylight Time),GET,/,HTTP/1.1,200
node-superagent/2.3.0,Sat Mar 31 2018 21:41:30 GMT-0700 (Pacific Daylight Time),GET,/,HTTP/1.1,200
node-superagent/2.3.0,Sat Mar 31 2018 21:41:30 GMT-0700 (Pacific Daylight Time),GET,/logs,HTTP/1.1,200
node-superagent/2.3.0,Sat Mar 31 2018 21:41:30 GMT-0700 (Pacific Daylight Time),GET,/logs,HTTP/1.1,200
node-superagent/2.3.0,Sat Mar 31 2018 21:41:56 GMT-0700 (Pacific Daylight Time),GET,/,HTTP/1.1,200
node-superagent/2.3.0,Sat Mar 31 2018 21:41:56 GMT-0700 (Pacific Daylight Time),GET,/,HTTP/1.1,200
node-superagent/2.3.0,Sat Mar 31 2018 21:41:56 GMT-0700 (Pacific Daylight Time),GET,/,HTTP/1.1,200
node-superagent/2.3.0,Sat Mar 31 2018 21:41:56 GMT-0700 (Pacific Daylight Time),GET,/,HTTP/1.1,200
node-superagent/2.3.0,Sat Mar 31 2018 21:41:56 GMT-0700 (Pacific Daylight Time),GET,/,HTTP/1.1,200
node-superagent/2.3.0,Sat Mar 31 2018 21:41:56 GMT-0700 (Pacific Daylight Time),GET,/,HTTP/1.1,200
node-superagent/2.3.0,Sat Mar 31 2018 21:41:56 GMT-0700 (Pacific Daylight Time),GET,/,HTTP/1.1,200
node-superagent/2.3.0,Sat Mar 31 2018 21:41:56 GMT-0700 (Pacific Daylight Time),GET,/,HTTP/1.1,200
node-superagent/2.3.0,Sat Mar 31 2018 21:41:56 GMT-0700 (Pacific Daylight Time),GET,/logs,HTTP/1.1,200
node-superagent/2.3.0,Sat Mar 31 2018 21:41:56 GMT-0700 (Pacific Daylight Time),GET,/logs,HTTP/1.1,200
Mozilla/5.0 (Windows NT 10.0; Win64; x64) AppleWebKit/537.36 (KHTML like Gecko) Chrome/65.0.3325.181 Safari/537.36,undefined,GET,/logs,HTTP/1.1,200
Mozilla/5.0 (Windows NT 10.0; Win64; x64) AppleWebKit/537.36 (KHTML like Gecko) Chrome/65.0.3325.181 Safari/537.36,2018-04-01T04:47:31.888Z,GET,/logs,HTTP/1.1,200
node-superagent/2.3.0,2018-04-01T04:47:44.498Z,GET,/,HTTP/1.1,200
node-superagent/2.3.0,2018-04-01T04:47:44.518Z,GET,/,HTTP/1.1,200
node-superagent/2.3.0,2018-04-01T04:47:44.524Z,GET,/,HTTP/1.1,200
node-superagent/2.3.0,2018-04-01T04:47:44.531Z,GET,/,HTTP/1.1,200
node-superagent/2.3.0,2018-04-01T04:47:44.536Z,GET,/,HTTP/1.1,200
node-superagent/2.3.0,2018-04-01T04:47:44.540Z,GET,/,HTTP/1.1,200
node-superagent/2.3.0,2018-04-01T04:47:44.546Z,GET,/,HTTP/1.1,200
node-superagent/2.3.0,2018-04-01T04:47:44.551Z,GET,/,HTTP/1.1,200
node-superagent/2.3.0,2018-04-01T04:47:44.561Z,GET,/logs,HTTP/1.1,200
node-superagent/2.3.0,2018-04-01T04:47:44.578Z,GET,/logs,HTTP/1.1,200
Mozilla/5.0 (Windows NT 10.0; Win64; x64) AppleWebKit/537.36 (KHTML like Gecko) Chrome/65.0.3325.181 Safari/537.36,2018-04-01T04:49:36.949Z,GET,/,HTTP/1.1,200
Mozilla/5.0 (Windows NT 10.0; Win64; x64) AppleWebKit/537.36 (KHTML like Gecko) Chrome/65.0.3325.181 Safari/537.36,2018-04-01T04:50:13.318Z,GET,/,HTTP/1.1,200
Mozilla/5.0 (Windows NT 10.0; Win64; x64) AppleWebKit/537.36 (KHTML like Gecko) Chrome/65.0.3325.181 Safari/537.36,2018-04-01T04:50:13.625Z,GET,/,HTTP/1.1,200
node-superagent/2.3.0,2018-04-01T04:50:21.679Z,GET,/,HTTP/1.1,200
node-superagent/2.3.0,2018-04-01T04:50:21.696Z,GET,/,HTTP/1.1,200
node-superagent/2.3.0,2018-04-01T04:50:21.701Z,GET,/,HTTP/1.1,200
node-superagent/2.3.0,2018-04-01T04:50:21.708Z,GET,/,HTTP/1.1,200
node-superagent/2.3.0,2018-04-01T04:50:21.712Z,GET,/,HTTP/1.1,200
node-superagent/2.3.0,2018-04-01T04:50:21.715Z,GET,/,HTTP/1.1,200
node-superagent/2.3.0,2018-04-01T04:50:21.719Z,GET,/,HTTP/1.1,200
node-superagent/2.3.0,2018-04-01T04:50:21.723Z,GET,/,HTTP/1.1,200
node-superagent/2.3.0,2018-04-01T04:50:21.727Z,GET,/logs,HTTP/1.1,200
node-superagent/2.3.0,2018-04-01T04:50:21.749Z,GET,/logs,HTTP/1.1,200
node-superagent/2.3.0,2018-04-01T04:50:38.649Z,GET,/,HTTP/1.1,200
node-superagent/2.3.0,2018-04-01T04:50:38.669Z,GET,/,HTTP/1.1,200
node-superagent/2.3.0,2018-04-01T04:50:38.675Z,GET,/,HTTP/1.1,200
node-superagent/2.3.0,2018-04-01T04:50:38.682Z,GET,/,HTTP/1.1,200
node-superagent/2.3.0,2018-04-01T04:50:38.687Z,GET,/,HTTP/1.1,200
node-superagent/2.3.0,2018-04-01T04:50:38.692Z,GET,/,HTTP/1.1,200
node-superagent/2.3.0,2018-04-01T04:50:38.696Z,GET,/,HTTP/1.1,200
node-superagent/2.3.0,2018-04-01T04:50:38.700Z,GET,/,HTTP/1.1,200
node-superagent/2.3.0,2018-04-01T04:50:38.704Z,GET,/logs,HTTP/1.1,200
node-superagent/2.3.0,2018-04-01T04:50:38.721Z,GET,/logs,HTTP/1.1,200
node-superagent/2.3.0,2018-04-01T04:52:19.814Z,GET,/,HTTP/1.1,200
node-superagent/2.3.0,2018-04-01T04:52:19.831Z,GET,/,HTTP/1.1,200
node-superagent/2.3.0,2018-04-01T04:52:19.837Z,GET,/,HTTP/1.1,200
node-superagent/2.3.0,2018-04-01T04:52:19.844Z,GET,/,HTTP/1.1,200
node-superagent/2.3.0,2018-04-01T04:52:19.848Z,GET,/,HTTP/1.1,200
node-superagent/2.3.0,2018-04-01T04:52:19.853Z,GET,/,HTTP/1.1,200
node-superagent/2.3.0,2018-04-01T04:52:19.858Z,GET,/,HTTP/1.1,200
node-superagent/2.3.0,2018-04-01T04:52:19.863Z,GET,/,HTTP/1.1,200
node-superagent/2.3.0,2018-04-01T04:52:19.867Z,GET,/logs,HTTP/1.1,200
node-superagent/2.3.0,2018-04-01T04:52:19.884Z,GET,/logs,HTTP/1.1,200
Mozilla/5.0 (Windows NT 10.0; Win64; x64) AppleWebKit/537.36 (KHTML like Gecko) Chrome/65.0.3325.181 Safari/537.36,2018-04-01T04:54:01.964Z,GET,/logs,HTTP/1.1,200
Mozilla/5.0 (Windows NT 10.0; Win64; x64) AppleWebKit/537.36 (KHTML like Gecko) Chrome/65.0.3325.181 Safari/537.36,2018-04-01T04:55:22.965Z,GET,/,HTTP/1.1,200
node-superagent/2.3.0,2018-04-01T04:55:31.025Z,GET,/,HTTP/1.1,200
node-superagent/2.3.0,2018-04-01T04:55:31.041Z,GET,/,HTTP/1.1,200
node-superagent/2.3.0,2018-04-01T04:55:31.047Z,GET,/,HTTP/1.1,200
node-superagent/2.3.0,2018-04-01T04:55:31.053Z,GET,/,HTTP/1.1,200
node-superagent/2.3.0,2018-04-01T04:55:31.057Z,GET,/,HTTP/1.1,200
node-superagent/2.3.0,2018-04-01T04:55:31.063Z,GET,/,HTTP/1.1,200
node-superagent/2.3.0,2018-04-01T04:55:31.067Z,GET,/,HTTP/1.1,200
node-superagent/2.3.0,2018-04-01T04:55:31.071Z,GET,/,HTTP/1.1,200
node-superagent/2.3.0,2018-04-01T04:55:31.076Z,GET,/logs,HTTP/1.1,200
node-superagent/2.3.0,2018-04-01T04:55:31.098Z,GET,/logs,HTTP/1.1,200
node-superagent/2.3.0,2018-04-01T04:56:52.200Z,GET,/,HTTP/1.1,200
node-superagent/2.3.0,2018-04-01T04:56:52.221Z,GET,/,HTTP/1.1,200
node-superagent/2.3.0,2018-04-01T04:56:52.227Z,GET,/,HTTP/1.1,200
node-superagent/2.3.0,2018-04-01T04:56:52.234Z,GET,/,HTTP/1.1,200
node-superagent/2.3.0,2018-04-01T04:56:52.239Z,GET,/,HTTP/1.1,200
node-superagent/2.3.0,2018-04-01T04:56:52.245Z,GET,/,HTTP/1.1,200
node-superagent/2.3.0,2018-04-01T04:56:52.249Z,GET,/,HTTP/1.1,200
node-superagent/2.3.0,2018-04-01T04:56:52.254Z,GET,/,HTTP/1.1,200
node-superagent/2.3.0,2018-04-01T04:56:52.259Z,GET,/logs,HTTP/1.1,200
node-superagent/2.3.0,2018-04-01T04:56:52.280Z,GET,/logs,HTTP/1.1,200
node-superagent/2.3.0,2018-04-01T04:57:14.565Z,GET,/,HTTP/1.1,200
node-superagent/2.3.0,2018-04-01T04:57:14.585Z,GET,/,HTTP/1.1,200
node-superagent/2.3.0,2018-04-01T04:57:14.591Z,GET,/,HTTP/1.1,200
node-superagent/2.3.0,2018-04-01T04:57:14.598Z,GET,/,HTTP/1.1,200
node-superagent/2.3.0,2018-04-01T04:57:14.604Z,GET,/,HTTP/1.1,200
node-superagent/2.3.0,2018-04-01T04:57:14.608Z,GET,/,HTTP/1.1,200
node-superagent/2.3.0,2018-04-01T04:57:14.613Z,GET,/,HTTP/1.1,200
node-superagent/2.3.0,2018-04-01T04:57:14.625Z,GET,/,HTTP/1.1,200
node-superagent/2.3.0,2018-04-01T04:57:14.630Z,GET,/logs,HTTP/1.1,200
node-superagent/2.3.0,2018-04-01T04:57:14.648Z,GET,/logs,HTTP/1.1,200
node-superagent/2.3.0,2018-04-01T04:57:35.587Z,GET,/,HTTP/1.1,200
node-superagent/2.3.0,2018-04-01T04:57:35.606Z,GET,/,HTTP/1.1,200
node-superagent/2.3.0,2018-04-01T04:57:35.612Z,GET,/,HTTP/1.1,200
node-superagent/2.3.0,2018-04-01T04:57:35.620Z,GET,/,HTTP/1.1,200
node-superagent/2.3.0,2018-04-01T04:57:35.624Z,GET,/,HTTP/1.1,200
node-superagent/2.3.0,2018-04-01T04:57:35.627Z,GET,/,HTTP/1.1,200
node-superagent/2.3.0,2018-04-01T04:57:35.631Z,GET,/,HTTP/1.1,200
node-superagent/2.3.0,2018-04-01T04:57:35.635Z,GET,/,HTTP/1.1,200
node-superagent/2.3.0,2018-04-01T04:57:35.640Z,GET,/logs,HTTP/1.1,200
node-superagent/2.3.0,2018-04-01T04:57:35.662Z,GET,/logs,HTTP/1.1,200
node-superagent/2.3.0,2018-04-01T04:57:53.027Z,GET,/,HTTP/1.1,200
node-superagent/2.3.0,2018-04-01T04:57:53.044Z,GET,/,HTTP/1.1,200
node-superagent/2.3.0,2018-04-01T04:57:53.050Z,GET,/,HTTP/1.1,200
node-superagent/2.3.0,2018-04-01T04:57:53.057Z,GET,/,HTTP/1.1,200
node-superagent/2.3.0,2018-04-01T04:57:53.062Z,GET,/,HTTP/1.1,200
node-superagent/2.3.0,2018-04-01T04:57:53.067Z,GET,/,HTTP/1.1,200
node-superagent/2.3.0,2018-04-01T04:57:53.071Z,GET,/,HTTP/1.1,200
node-superagent/2.3.0,2018-04-01T04:57:53.076Z,GET,/,HTTP/1.1,200
node-superagent/2.3.0,2018-04-01T04:57:53.082Z,GET,/logs,HTTP/1.1,200
node-superagent/2.3.0,2018-04-01T04:57:53.099Z,GET,/logs,HTTP/1.1,200
node-superagent/2.3.0,2018-04-01T04:58:14.628Z,GET,/,HTTP/1.1,200
node-superagent/2.3.0,2018-04-01T04:58:14.646Z,GET,/,HTTP/1.1,200
node-superagent/2.3.0,2018-04-01T04:58:14.653Z,GET,/,HTTP/1.1,200
node-superagent/2.3.0,2018-04-01T04:58:14.659Z,GET,/,HTTP/1.1,200
node-superagent/2.3.0,2018-04-01T04:58:14.663Z,GET,/,HTTP/1.1,200
node-superagent/2.3.0,2018-04-01T04:58:14.667Z,GET,/,HTTP/1.1,200
node-superagent/2.3.0,2018-04-01T04:58:14.671Z,GET,/,HTTP/1.1,200
node-superagent/2.3.0,2018-04-01T04:58:14.675Z,GET,/,HTTP/1.1,200
node-superagent/2.3.0,2018-04-01T04:58:14.679Z,GET,/logs,HTTP/1.1,200
node-superagent/2.3.0,2018-04-01T04:58:14.692Z,GET,/logs,HTTP/1.1,200
node-superagent/2.3.0,2018-04-01T04:58:46.149Z,GET,/,HTTP/1.1,200
node-superagent/2.3.0,2018-04-01T04:58:46.166Z,GET,/,HTTP/1.1,200
node-superagent/2.3.0,2018-04-01T04:58:46.173Z,GET,/,HTTP/1.1,200
node-superagent/2.3.0,2018-04-01T04:58:46.181Z,GET,/,HTTP/1.1,200
node-superagent/2.3.0,2018-04-01T04:58:46.186Z,GET,/,HTTP/1.1,200
node-superagent/2.3.0,2018-04-01T04:58:46.192Z,GET,/,HTTP/1.1,200
node-superagent/2.3.0,2018-04-01T04:58:46.196Z,GET,/,HTTP/1.1,200
node-superagent/2.3.0,2018-04-01T04:58:46.201Z,GET,/,HTTP/1.1,200
node-superagent/2.3.0,2018-04-01T04:58:46.206Z,GET,/logs,HTTP/1.1,200
node-superagent/2.3.0,2018-04-01T04:58:46.216Z,GET,/logs,HTTP/1.1,200
node-superagent/2.3.0,2018-04-01T04:59:39.797Z,GET,/,HTTP/1.1,200
node-superagent/2.3.0,2018-04-01T04:59:39.812Z,GET,/,HTTP/1.1,200
node-superagent/2.3.0,2018-04-01T04:59:39.817Z,GET,/,HTTP/1.1,200
node-superagent/2.3.0,2018-04-01T04:59:39.823Z,GET,/,HTTP/1.1,200
node-superagent/2.3.0,2018-04-01T04:59:39.827Z,GET,/,HTTP/1.1,200
node-superagent/2.3.0,2018-04-01T04:59:39.830Z,GET,/,HTTP/1.1,200
node-superagent/2.3.0,2018-04-01T04:59:39.834Z,GET,/,HTTP/1.1,200
node-superagent/2.3.0,2018-04-01T04:59:39.838Z,GET,/,HTTP/1.1,200
node-superagent/2.3.0,2018-04-01T04:59:39.842Z,GET,/logs,HTTP/1.1,200
node-superagent/2.3.0,2018-04-01T04:59:39.851Z,GET,/logs,HTTP/1.1,200
Mozilla/5.0 (Windows NT 10.0; Win64; x64) AppleWebKit/537.36 (KHTML like Gecko) Chrome/65.0.3325.181 Safari/537.36,2018-04-01T05:02:08.313Z,GET,/logs,HTTP/1.1,200
Mozilla/5.0 (Windows NT 10.0; Win64; x64) AppleWebKit/537.36 (KHTML like Gecko) Chrome/65.0.3325.181 Safari/537.36,2018-04-01T05:02:09.152Z,GET,/logs,HTTP/1.1,200
